itemId,name,price,ratingScore,review,location,brandName,sellerName,image,categories,itemSoldCntShow,discount,cat_1,cat_2,cat_3,category
2246896277,Sách - Chăm Sóc Sức Khỏe Trẻ Em (Tập 5): Chăm sóc và bảo vệ toàn diện,89000,4.9,,Vietnam,Văn học - Quảng Văn,Tạ Ngọc Hiêp (SáchHayChấmCom),https://vn-live-01.slatic.net/p/10f2537c435c383abd40e77c4578723a.jpg,"[3194, 8461, 8654, 8666]",0.0,0.0,3194,8461,8654,cham_soc_suc_khoe
3057519213,"Jibbitz charm 3d có mã vạch cao cấp, charm gắn dép sục 3d, sticker cài dép sục - Nhà Cá Sấu",10000,4.9,,Vietnam,No Brand,Nhà Cá Sấu,https://sg-test-11.slatic.net/p/e11984b45d5dd48cb5517e6d7b0c8c88.jpg,"[62540402, 6259]",0.0,0.0,62540402,6259,0,cham_soc_suc_khoe
2703223316,"JIBBITZ,STICKER,CHARM GẤU DÂU Nhựa Cứng 3D size ĐẠI trang trí DIY,Dép Sục,Dép Crocs - Sẵn Nút - TAHOGANO",7500,4.9,,Vietnam,No Brand,TAHOGANO,https://filebroker-cdn.lazada.vn/kf/S9b803ddb32f34a36835e96e3b204bb86p.jpg,"[62540402, 6259]",0.0,0.25,62540402,6259,0,cham_soc_suc_khoe
2212081115,"Jibbitz sticker gấu nâu, mèo Kitty hai tông màu trắng và nâu chocolate gắn dép sục Crocs",3500,4.9,,Vietnam,No Brand,4con6,https://vn-live-01.slatic.net/p/fcca59997c6fc4bd86d5c0d8d2c977f1.jpg,"[62540402, 6259]",0.0,0.5,62540402,6259,0,cham_soc_suc_khoe
3057401876,"Jibbitz stickers charms chữ cái ABC , jibitz chữ cái alphabet gắn dép sục, phụ kiện trang trí dép cá sấu",6000,4.9,,Vietnam,No Brand,Nhà Cá Sấu,https://sg-test-11.slatic.net/p/58c22e32bdc8c7e6c02b5a8a5f50b00b.jpg,"[62540402, 6259]",7.0,0.0,62540402,6259,0,cham_soc_suc_khoe
1884585488,Himalayan Pink Salt Granules 1kg,52000,4.9,14,Vietnam,suc khoe xanh,Suckhoexanh.vn,https://vn-live-01.slatic.net/p/2768212c5f6f31a3dbe2781631fb11f3.png,"[8799, 10003011, 10003057, 10003306]",59.0,0.04,8799,10003011,10003057,cham_soc_suc_khoe
2212093080,"Jibbitz gắn dép sục, Sticker đính dép Crocs hình trái tim, tròn, vuông chocolate Smile",4000,4.9,,Vietnam,No Brand,4con6,https://vn-live-01.slatic.net/p/6ce07abdad72ced2a54ee291ef021ea5.jpg,"[62540402, 6259]",10.0,0.43,62540402,6259,0,cham_soc_suc_khoe
2704225380,"Bộ 14 Jibbitz, Sticker, Charm 3D chủ đề CÔ GÁI,THÁP PARIS...nhựa cứng 3D mạ kim gắn Dép Crocs,Dép Sục - ĐÃ SẴN NÚT CHỐT",65000,5.0,2,Vietnam,No Brand,TAHOGANO,https://sg-test-11.slatic.net/p/727bdfaac1b36bc609cd3af63890e570.jpg,"[62540402, 6259]",7.0,0.35,62540402,6259,0,cham_soc_suc_khoe
3057476375,"Jibbitz charm gắn quai dép sục, sticker 3D nổi hình ống gắn quai dép cr oss, jibbitz 3D nổi cao cấp cài dép",15000,4.9,,Vietnam,No Brand,Nhà Cá Sấu,https://sg-test-11.slatic.net/p/e453ccd3aa5289015cc4b7b43b0908f4.jpg,"[62540402, 6259]",0.0,0.0,62540402,6259,0,cham_soc_suc_khoe
2517345648,"Jibbitz, sticker, charm 3D DIY thick mouth potato charm pattern hard plastic insert Crocs sandals, cross, slip on crocodile jb-99",18000,5.0,6,Vietnam,No Brand,Mayto,https://vn-live-01.slatic.net/p/1c299d9500599cc74f362693cbe23ba3.png,"[62540402, 6259]",26.0,0.28,62540402,6259,0,cham_soc_suc_khoe
1884530789,Himalayan Pink Salt Granules 200g,17800,3.5,2,Vietnam,suc khoe xanh,Suckhoexanh.vn,https://vn-live-01.slatic.net/p/c2e73ec5e3d82aca8a58aef424f3b74d.png,"[8799, 10003011, 10003057, 10003306]",6.0,0.06,8799,10003011,10003057,cham_soc_suc_khoe
2525332701,"Jibbitz 14 sets, sticker, charm 3D dial on.y hard plastic insert Crocs sandals, cross, slip on crocodile mayto jb-63",65000,4.4,10,Hồ Chí Minh,No Brand,Mayto,https://vn-live-01.slatic.net/p/bacbcd87cda4ce0c26a7985973852e8e.png,"[62540402, 6259]",50.0,0.35,62540402,6259,0,cham_soc_suc_khoe
2427781175,"Combo Stickers, Charm, Jibitz 2D nhựa dẻo mong, gắn dép Crocs siêu xinh, siêu kute cho nữ (giao mẫu ngẫu nhiên)",65000,4.9,,Vietnam,No Brand,HUONGCROCSCROCS,https://vn-live-01.slatic.net/p/6b26182b80e2b92100dcc083ca646916.jpg,"[62540402, 6259]",0.0,0.0,62540402,6259,0,cham_soc_suc_khoe
2704300212,"Bộ 10 Jibbitz, Sticker, Charm 3D chủ đề THỎ LOVE nhựa cứng 3D mạ kim gắn Dép Crocs, Cross, Dép Sục - ĐÃ SẴN NÚT CHỐT",65000,5.0,1,Vietnam,No Brand,TAHOGANO,https://sg-test-11.slatic.net/p/db3a64fa9b883e3bafb728dde32e4896.jpg,"[62540402, 6259]",0.0,0.35,62540402,6259,0,cham_soc_suc_khoe
2511565259,"Set 14 Jibbitz, Sticker, Charm 3D chủ đề Môi dày hồng 14 DIY Mayto nhựa cứng gắn Dép Crocs, Cross, Dép Sục, Cá Sấu JB-82",70000,5.0,7,Vietnam,No Brand,Mayto,https://vn-live-01.slatic.net/p/609f28e5751c91dc8541a2224a53de08.png,"[62540402, 6259]",25.0,0.3,62540402,6259,0,cham_soc_suc_khoe
2494602326,"Jibbitz, Sticker, Charm 3D chủ đề cá môi dày lớn DIY Mayto nhựa cứng gắn Dép Crocs, Cross, Dép Sục, Cá Sấu JB-75",18000,5.0,17,Vietnam,No Brand,Mayto,https://vn-live-01.slatic.net/p/f3426c6b1561fa3c6837d886f8ffe9a2.png,"[62540402, 6259]",53.0,0.28,62540402,6259,0,cham_soc_suc_khoe
2897787820,"Shining Gold Metal, Love Pearl, Diamond Shoe Buckle Jibbitz Crocs Charm Shoe",49614,5.0,2,China,OEM,sotta.vn,https://sg-test-11.slatic.net/p/c14f50159965ada7cd0195898bddc451.jpg,"[62540402, 6259]",15.0,0.21,62540402,6259,0,cham_soc_suc_khoe
13351453630,"Thuốc nhỏ Chlorophyll dạng lỏng (cung cấp cho 4 tháng) - Thực phẩm bổ sung chăm sóc sức khỏe - Khử mùi và giải độc tự nhiên - Hỗ trợ đường ruột, chăm sóc sức khỏe gan, phòng tắm, thể dục, có thể ăn được",561687,4.9,,China,No Brand,shawnwilson1960022,https://sg-test-11.slatic.net/p/5c8de4e74daf9fca80b87dc21457b1d9.jpg,"[6524, 14237, 14258]",0.0,0.11,6524,14237,14258,cham_soc_suc_khoe
13347090102,"Salome Thuốc bổ Chlorophyll dạng lỏng  Gói dùng 4 tháng Chất khử mùi và giải độc tự nhiên - Hỗ trợ đường ruột, chăm sóc sức khỏe gan, phòng tắm, dục, có thể ăn được",567383,4.9,,China,No Brand,Salome Saroyan,https://sg-test-11.slatic.net/p/9a0103efac92a330b2e6679e1696f4cf.jpg,"[6524, 14236, 14295]",0.0,0.03,6524,14236,14295,cham_soc_suc_khoe
13346680986,"Salome Gói Chlorophyll Stick Nature's Sunshine: Hương chanh.Giải độc hàng ngày của bạn - Giảm đầy hơi, kiểm soát mùi hôi, làm sạch da, tăng cường năng lượng, hỗ trợ tiêu hóa, chăm sóc sức khỏe bằng dinh dưỡng.",780622,4.9,,China,No Brand,Salome Saroyan,https://sg-test-11.slatic.net/p/384926f6737545f3b073403a2bda86af.jpg,"[6524, 14236, 14295]",0.0,0.03,6524,14236,14295,cham_soc_suc_khoe
2407377592,Health scales 120kg Nhon Hoa genuine warranty 12 months random color - VIET FAMILY CARE 247,555000,5.0,2,Vietnam,No Brand,Chăm Sóc Gia Đình Việt 247,https://vn-live-01.slatic.net/p/aa6478d4f827bb7f6f9c9f7f1ca8487c.jpg,"[10100869, 7174, 7179, 7251]",6.0,0.3,10100869,7174,7179,cham_soc_suc_khoe
13362935066,"Gói Chlorophyll Stick của Nature's Sunshine: Thơm ngát. Người hùng sức khỏe - Giải độc, Giảm đầy hơi, Làm sạch da, Hỗ trợ tiêu hóa, Tăng cường năng lượng chăm sóc sức khỏe",811461,4.9,,China,No Brand,bea96be3,https://vn-live-01.slatic.net/p/f0f282d915c7f8121a5c1823dc87750e.jpg_webp,"[6524, 14236, 14295]",0.0,0.01,6524,14236,14295,cham_soc_suc_khoe
1884522699,Himalayan Pink Salt Granules 100g,12000,5.0,25,Vietnam,suc khoe xanh,Suckhoexanh.vn,https://vn-live-01.slatic.net/p/4603997e523a371eeaae953d61892baf.png,"[8799, 10003011, 10003057, 10003306]",96.0,0.08,8799,10003011,10003057,cham_soc_suc_khoe
13362451878,"Gói Chlorophyll Stick của Nature's Sunshine: Thơm ngát. Người hùng sức khỏe - Giải độc, Giảm đầy hơi, Làm sạch da, Hỗ trợ tiêu hóa, Tăng cường năng lượng chăm sóc sức khỏe",811186,4.9,,China,No Brand,abbf1fe0,https://vn-live-01.slatic.net/p/f0f282d915c7f8121a5c1823dc87750e.jpg_webp,"[6524, 14236, 14295]",0.0,0.01,6524,14236,14295,cham_soc_suc_khoe
13363672477,"Gói Chlorophyll Stick của Nature's Sunshine: Thơm ngát. Người hùng sức khỏe - Giải độc, Giảm đầy hơi, Làm sạch da, Hỗ trợ tiêu hóa, Tăng cường năng lượng chăm sóc sức khỏe",811461,4.9,,China,No Brand,5486fc0b,https://vn-live-01.slatic.net/p/f0f282d915c7f8121a5c1823dc87750e.jpg_webp,"[6524, 14236, 14295]",0.0,0.01,6524,14236,14295,cham_soc_suc_khoe
1884531789,Himalayan Pink Salt Granules 500g,33500,4.6,10,Vietnam,suc khoe xanh,Suckhoexanh.vn,https://vn-live-01.slatic.net/p/ff9c9b02e88ab2a3e0d721bb7ea547b6.png,"[8799, 10003011, 10003057, 14484]",49.0,0.04,8799,10003011,10003057,cham_soc_suc_khoe
13353572814,"Thuốc nhỏ Chlorophyll dạng lỏng, bộ 1-3 chai (cung cấp cho 4-12 tháng) - Thực phẩm bổ sung chăm sóc sức khỏe - Khử mùi cơ thể tự nhiên và giải độc - Hỗ trợ đường ruột, hỗ trợ gan, có thể dùng ăn được.",643268,4.9,,China,No Brand,44bf8ca2,https://vn-live-01.slatic.net/p/57187733bba2bf36d7d505450520e1c5.jpg_webp,"[10100869, 4741, 6791, 6805]",0.0,0.11,10100869,4741,6791,cham_soc_suc_khoe
13363282766,"Gói Chlorophyll Stick của Nature's Sunshine: Thơm ngát. Người hùng sức khỏe - Giải độc, Giảm đầy hơi, Làm sạch da, Hỗ trợ tiêu hóa, Tăng cường năng lượng chăm sóc sức khỏe",811186,4.9,,China,No Brand,f94ad745,https://vn-live-01.slatic.net/p/f0f282d915c7f8121a5c1823dc87750e.jpg_webp,"[6524, 14236, 14295]",0.0,0.01,6524,14236,14295,cham_soc_suc_khoe
2246794714,Sách - Chăm Sóc Sức Khỏe Trẻ Em (Tập 7): Khi trẻ bị sốt,89000,4.9,,Vietnam,Văn học - Quảng Văn,Tạ Ngọc Hiêp (SáchHayChấmCom),https://vn-live-01.slatic.net/p/ba5c1cb0d88231540422f5fd64a0e887.jpg,"[3194, 8461, 8654, 8666]",0.0,0.0,3194,8461,8654,cham_soc_suc_khoe
3230495183,"SET 10 CHARM DẺO MẪU NGẪU NHIÊN CHỌN MÀU DÙNG GẮN DÉP CROSS, DÉP SỤC, DÉP XỐP đã gắn sẵn đế cài vào dép",38000,4.9,,Vietnam,No Brand,Chic Charm - Charm Sticker Gắn Dép,https://sg-test-11.slatic.net/p/a13e972ca26cf337696e99ba6128f24d.jpg,"[62540402, 6259]",0.0,0.0,62540402,6259,0,cham_soc_suc_khoe
1669032478,"[FREESHIP + ÁP MÃ GIẢM 10%] Combo 10 Sticker, Jibbitz, CHARM 2D Gắn Đính Lên Dép Sục, Dép Cá Sấu Nhiều Mẫu Mã Giao Màu Ngẫu Nhiên",30000,4.7,20,Vietnam,No Brand,Kazoo Store,https://vn-live-01.slatic.net/p/73a23b8d304cc1ab85340fe18d18081a.jpg,"[62540402, 6259]",113.0,0.0,62540402,6259,0,cham_soc_suc_khoe
2212102027,Jibbitz sticker hoa quả gắn dép sục Crocs,4000,4.9,,Vietnam,No Brand,4con6,https://vn-live-01.slatic.net/p/83a27d2a7ae1f65f11864104d90798e2.jpg,"[62540402, 6259]",5.0,0.43,62540402,6259,0,cham_soc_suc_khoe
2212070284,"Jibbitz sticker gắn dép sục Crocs huy hiệu phi hành gia, hành tinh",4000,4.9,,Vietnam,No Brand,4con6,https://vn-live-01.slatic.net/p/d3443baed27e63237fc1ac124befda6f.jpg,"[62540402, 6259]",0.0,0.43,62540402,6259,0,cham_soc_suc_khoe
2212021565,Jibbitz sticker hoa quả cà rốt củ cải gắn dép sục Croc,4000,4.9,,Vietnam,No Brand,4con6,https://vn-live-01.slatic.net/p/18703cde5b75d662d166126f5b9371ac.jpg,"[62540402, 6259]",0.0,0.43,62540402,6259,0,cham_soc_suc_khoe
2207997349,Charm/Sticker/Jbbitz 3d Cứng Trang Trí Gắn Lên Dép Sục Crocs Cho Bé Trai Gái Nhiều Hình Đáng Yêu (Ngẫu nhiên/giá 1 hình),5000,5.0,5,Vietnam,Crocs,CrocsMaya,https://vn-live-01.slatic.net/p/65d5efbee3383fb7eb6765156e3779c5.jpg,"[62540402, 6259]",30.0,0.5,62540402,6259,0,cham_soc_suc_khoe
3059721893,"Charm Attached to Cross Cat Black C11 Sandals, Sticker Attached to Snorkeling Sandals",8900,5.0,19,Vietnam,No Brand,Bột Baby - Thời trang trẻ em,https://vn-live-01.slatic.net/p/a5d863063d1ccb8ecfc54304bdd11ef4.png,"[62540402, 6259]",40.0,0.0,62540402,6259,0,cham_soc_suc_khoe
2211966793,Jibbitz gắn dép sục Crocs hình các phương tiện giao thông xinh xắn,4000,4.9,,Vietnam,No Brand,4con6,https://vn-live-01.slatic.net/p/be31aa855e26d37727c387844d5de1c9.jpg,"[62540402, 6259]",5.0,0.43,62540402,6259,0,cham_soc_suc_khoe
3057448602,"Jibbitz charms 3D noel loại đại, phụ kiện trang trí giáng sinh gắn dép sục, stickers hình cây thông, người tuyết",20000,4.9,,Vietnam,No Brand,Nhà Cá Sấu,https://sg-test-11.slatic.net/p/e2281c5295dc354210c98d09f9635ba2.jpg,"[62540402, 6259]",0.0,0.0,62540402,6259,0,cham_soc_suc_khoe
2212120032,Jibbitz mô hình chùm bóng bay gắn dép sục Crocs,4000,4.9,,Vietnam,No Brand,4con6,https://vn-live-01.slatic.net/p/39a21899f55fb2019496eb7a20a58949.jpg,"[62540402, 6259]",0.0,0.43,62540402,6259,0,cham_soc_suc_khoe
3057572017,"Jibbitz ngọc trai 3d cao cấp, charm gắn dép sục viên ngọc màu trắng, sticker 3d gắn dép sục",15000,4.9,,Vietnam,No Brand,Nhà Cá Sấu,https://sg-test-11.slatic.net/p/68eeec45757b9153490fe00e5bc392d0.jpg,"[62540402, 6259]",0.0,0.0,62540402,6259,0,cham_soc_suc_khoe
2824897203,[Synthesis] Jibbitz Charm Set Plastic Accessories for Crocs Shoes,58000,5.0,31,Vietnam,No Brand,Hu Store,https://sg-test-11.slatic.net/p/138977f554d4a87bc395adc5eb65987a.jpg,"[62540402, 6259]",95.0,0.0,62540402,6259,0,cham_soc_suc_khoe
2212048156,Jibbitz sticker trái tim nhiều màu gắn dép sục Crocs,3500,4.9,,Vietnam,No Brand,4con6,https://vn-live-01.slatic.net/p/5325a8ceb6be06707dd8061363e386e2.jpg,"[62540402, 6259]",0.0,0.5,62540402,6259,0,cham_soc_suc_khoe
2148599211,"Combo 14 Jibbitz, Sticker, Charm 3D chủ đề Kuromi DIY nhựa cứng gắn Dép Crocs, Cross, Dép Sục, Cá Sấu MayTo",65000,5.0,27,Vietnam,No Brand,Mayto,https://vn-live-01.slatic.net/p/e233363b48cf3b52f201c58c4f2612d1.png,"[62540402, 6259]",120.0,0.57,62540402,6259,0,cham_soc_suc_khoe
2148830505,"[GIÁ TỐT GIẢM THÊM 10%]Set 14 Jibbitz, Sticker, Charm 3D chủ đề sinh vật biển DIY nhựa cứng gắn Dép Crocs, Cross, Dép Sục, Cá Sấu MayTo",65000,4.9,27,Vietnam,No Brand,Mayto,https://vn-live-01.slatic.net/p/e19084c111d51243b943d3cc959a35a6.png,"[62540402, 6259]",116.0,0.57,62540402,6259,0,cham_soc_suc_khoe
2707604026,"Set 10 Jibbitz,Sticker,Charm trang trí dép Sục,Dép Cross - Sẵn nút chốt",23500,5.0,6,Vietnam,No Brand,Min's Shop - Phụ Kiện Thời Trang,https://sg-test-11.slatic.net/p/5799b629169ef6bc13b7336a7c84168a.jpg,"[62540402, 6259]",10.0,0.0,62540402,6259,0,cham_soc_suc_khoe
2473400661,"Jibbitz, Sticker 5D gắn dép siêu dễ thương gắn dép Unisex, dép tổ ong, dép Crocs.",15000,5.0,10,Vietnam,VAC,QingQing.Dép Xinh Xỉu,https://vn-live-01.slatic.net/p/62e59d39d1a950881ba8dc1fc1753952.jpg,"[62540402, 6259]",63.0,0.17,62540402,6259,0,cham_soc_suc_khoe
2118160639,"Bộ 14 Jibbitz, Sticker, Charm 3D chủ đề Noel 2023 phiên bản nhám DIY nhựa cứng gắn Dép Crocs, Cross, Dép Sục, Cá Sấu MayTo",55000,5.0,17,Vietnam,No Brand,Mayto,https://vn-live-01.slatic.net/p/41210127b7a7ef520f19e511b5fce161.png,"[62540402, 6259]",64.0,0.63,62540402,6259,0,cham_soc_suc_khoe
2419564596,"Jibbitz, charm chong chóng dạ quang phụ kiện trang trí sticker gắn dép cross, crosc, cá sấu 4 màu Mayto JB-39",12000,5.0,31,Vietnam,No Brand,Mayto,https://vn-live-01.slatic.net/p/ca3d109a0b43d0b0f032ff832a57d2ef.png,"[62540402, 6259]",162.0,0.4,62540402,6259,0,cham_soc_suc_khoe
3211565157,Charm sticker jibitz gắn dép sục A83 đa dạng,8900,4.9,,Vietnam,No Brand,Bột Baby - Thời trang trẻ em,https://sg-test-11.slatic.net/p/0847dacb9ddd9b81e780e28f2affe759.png,"[62540402, 6259]",0.0,0.0,62540402,6259,0,cham_soc_suc_khoe
3057332357,"Jiibitz charm sticker 3D nhựa cứng hình gấu nâu, stickers 3D màu nâu gắn dép sục, phụ kiện trang trí giày dép",5000,4.9,,Vietnam,No Brand,Nhà Cá Sấu,https://sg-test-11.slatic.net/p/4ab39821602ac09fc0231b402f6f7c2e.jpg,"[62540402, 6259]",0.0,0.0,62540402,6259,0,cham_soc_suc_khoe
2466939139,"Bộ 12 Jibbitz, Sticker, Charm 3D chủ đề Doremon DIY Mayto nhựa cứng gắn Dép Crocs, Cross, Dép Sục, Cá Sấu JB-64",69000,5.0,12,Vietnam,No Brand,Mayto,https://vn-live-01.slatic.net/p/037a313ca0efa985f934fb6af020c4b1.png,"[62540402, 6259]",43.0,0.37,62540402,6259,0,cham_soc_suc_khoe
3218779127,"Set of 12 Stickers, 3D Charms with Capy Cam Theme, Hard Plastic for Attaching to Sandals, Crocodile Mayto Jb-387",65000,4.9,,Vietnam,No Brand,Mayto,https://vn-live-01.slatic.net/p/aebb9881994df7ef5c594e42d4667a6c.png,"[62540402, 6259]",0.0,0.19,62540402,6259,0,cham_soc_suc_khoe
1817172017,Charm/ Sticker /Jibbitz Trang Trí Lên Dép Sục Cho Bé Gái Các Hình Đáng Yêu,95000,5.0,1,Vietnam,Crocs,CrocsMaya,https://filebroker-cdn.lazada.vn/kf/Sf9eccc5f51184e32a908b72d234a836b9.jpg,"[62540402, 6259]",0.0,0.37,62540402,6259,0,cham_soc_suc_khoe
2244242659,"Set 14 Jibbitz, sticker, charm 3D theme Candy Rabbit DIY mayto plastic tied sandals crocs, cross, sandals, crocodile jb-13",65000,5.0,9,Vietnam,No Brand,Mayto,https://vn-live-01.slatic.net/p/416373f05f89b595586bcb3deeca8023.png,"[62540402, 6259]",64.0,0.54,62540402,6259,0,cham_soc_suc_khoe
2637308350,"Set 12 Sticker, Charm 3D chủ đề Sinh vật biển 2 mẫu 2024 DIY Mayto gắn Dép Cross, Dép Sục, Cá Sấu JB-109",65000,5.0,13,Vietnam,No Brand,Mayto,https://vn-live-01.slatic.net/p/6eb153f4f230264b04bdc8334a2d98f2.png,"[62540402, 6259]",40.0,0.19,62540402,6259,0,cham_soc_suc_khoe
3057432595,"Jibbitz charm kim loại 3D cao cấp gắn dép sục, sticker gắn dép cá sấu ngọc trai, kim cương, jibbitz lấp lánh",25000,4.9,,Vietnam,No Brand,Nhà Cá Sấu,https://sg-test-11.slatic.net/p/3962acf837c263f628d974211b88cfab.jpg,"[62540402, 6259]",0.0,0.0,62540402,6259,0,cham_soc_suc_khoe
2132910590,"Bộ 14 Jibbitz, Sticker, Charm 3D chủ đề Đồ vật DIY nhựa cứng gắn Dép Crocs, Cross, Dép Sục, Cá Sấu MayTo",65000,5.0,7,Vietnam,No Brand,Mayto,https://vn-live-01.slatic.net/p/9dbc5d29c55e3828a7187938216584de.png,"[62540402, 6259]",24.0,0.57,62540402,6259,0,cham_soc_suc_khoe
3057197678,"Jibbitz charm gắn dép  Drew House, sticker gắn dép sục",190000,4.9,,Vietnam,No Brand,Nhà Cá Sấu,https://sg-test-11.slatic.net/p/a7c6f40aaf327b91c3a48f1fd98074b5.jpg,"[62540402, 6259]",0.0,0.0,62540402,6259,0,cham_soc_suc_khoe
2554008022,Jibbitz Charm gắn dép Crocs Kim Loại đá nhiều màu,25000,5.0,2,Vietnam,No Brand,Hu Store,https://vn-live-01.slatic.net/p/6768b4b50281eb6582d68d17b97a8cc4.jpg,"[62540402, 6259]",6.0,0.29,62540402,6259,0,cham_soc_suc_khoe
3057394818,"Jibbitz charms nhựa giả kim 3D trang trí gắn dép sục, sticker cài dép cá sấu màu bạc đen trắng",10000,4.9,,Vietnam,No Brand,Nhà Cá Sấu,https://sg-test-11.slatic.net/p/98f54cc03791f3b59ba37c204ae4ea47.jpg,"[62540402, 6259]",0.0,0.0,62540402,6259,0,cham_soc_suc_khoe
3057464472,"Jibbitz charm nhựa giả kim màu vàng bạc trang trí dép cross 3D đẹp, sticker gắn dép sục bằng bạc, jibbitz vàng cài dép",30000,4.9,,Vietnam,No Brand,Nhà Cá Sấu,https://sg-test-11.slatic.net/p/8a81ab35a7a7b42aadc91344262a86c9.jpg,"[62540402, 6259]",0.0,0.0,62540402,6259,0,cham_soc_suc_khoe
2337488694,"Bộ 12 Jibbitz, Sticker, Charm 3D chủ đề bọt biển tinh nghịch DIY nhựa cứng gắn Dép Crocs, Cross, Dép Sục, Cá Sấu MayTo",89000,5.0,8,Vietnam,No Brand,Mayto,https://vn-live-01.slatic.net/p/0424e1c79844cb76a5e3e7025b9f351b.png,"[62540402, 6259]",29.0,0.34,62540402,6259,0,cham_soc_suc_khoe
2466973305,"Bộ 18 Jibbitz, Sticker, Charm 3D chủ đề chuột M DIY Mayto nhựa cứng gắn Dép Crocs, Cross, Dép Sục, Cá Sấu JB-66",98000,5.0,8,Vietnam,No Brand,Mayto,https://vn-live-01.slatic.net/p/3ab53789acb1439ab5ddda107536cd26.png,"[62540402, 6259]",33.0,0.35,62540402,6259,0,cham_soc_suc_khoe
2877316508,"Bộ 10 Sticker, Charm 3D chủ đề Gấu caro Br DIY Mayto gắn Dép Cross, Dép Sục, Cá Sấu JB-235",55000,4.9,,Vietnam,No Brand,Mayto,https://vn-live-01.slatic.net/p/5e7774417d8bf601e60e9a513ae54251.jpg,"[62540402, 6259]",0.0,0.31,62540402,6259,0,cham_soc_suc_khoe
2539655427,"Jibbitz 10 PCs set, sticker, charm 3D Barbie theme DIY hard plastic flip flops crocs, cross, mules, alligator mayto jb-100",55000,5.0,8,Vietnam,No Brand,Mayto,https://vn-live-01.slatic.net/p/4785c1486679d3f713f5e46e2125113d.png,"[62540402, 6259]",23.0,0.45,62540402,6259,0,cham_soc_suc_khoe
2401523816,Jibbitz Phụ Kiện Khóa Kim Loại Màu Đen Trang Trí Lỗ Giày Dép cross DIY Sáng Tạo chamr dép crocs,25012,5.0,16,China,No Brand,CROSSTM,https://vn-live-01.slatic.net/p/1cc4a34cbdfbd01f74b1d25ef10ac42d.jpg_webp,"[62540402, 6259]",34.0,0.5,62540402,6259,0,cham_soc_suc_khoe
2211921947,Jibbitz size lớn 5-7cm gắn dép sục Crocs,6000,4.9,,Vietnam,No Brand,4con6,https://vn-live-01.slatic.net/p/2caeafc3f5df49e7a47b4c2a4c5285de.jpg,"[62540402, 6246, 6248]",0.0,0.0,62540402,6246,6248,cham_soc_suc_khoe
13356873572,Phụ Kiện Jibbitz™ Charm Crocs Wave Twins - Xanh Dương - 10012245,185000,4.9,,Vietnam,Crocs,Supersports,https://sg-test-11.slatic.net/p/4481ffb37e68634d26ee61a91393f97d.jpg,"[62540402, 6259]",0.0,0.0,62540402,6259,0,cham_soc_suc_khoe
3205209182,Jibbitz Charm Crocs Retro Style 5 Pcs - 10008941,595000,4.9,,Vietnam,Crocs,Supersports,https://sg-test-11.slatic.net/p/eae818470d85878d6a507abd1a0b948c.jpg,"[62188201, 1785, 4176]",0.0,0.0,62188201,1785,4176,cham_soc_suc_khoe
3205206172,Jibbitz Charm Crocs 90S Symbols 5 Pcs - 10008705,595000,4.9,,Vietnam,Crocs,Supersports,https://sg-test-11.slatic.net/p/e9f81c284a3e4403c0474cd9f370a255.jpg,"[62188201, 1785, 4176]",0.0,0.0,62188201,1785,4176,cham_soc_suc_khoe
3205214237,Jibbitz Charm Crocs Nature 5 Pcs - 10008700,595000,4.9,,Vietnam,Crocs,Supersports,https://sg-test-11.slatic.net/p/3a801318f075f0a12b1a77088a167163.jpg,"[62188201, 1785, 4176]",0.0,0.0,62188201,1785,4176,cham_soc_suc_khoe
2535208234,8pcs《star Sky》croc Charm jibitz 3d Charm Sticker Cute DIY Accessories Shoe Buckle,44600,5.0,12,China,OEM,sotta.vn,https://sg-test-11.slatic.net/p/b565cb550407ad94414c3f536b0b6b0c.jpg,"[62540402, 6259]",15.0,0.26,62540402,6259,0,cham_soc_suc_khoe
3205211173,Jibbitz Charm Crocs Outdoor Vacay 5 Pcs - 10008938,595000,4.9,,Vietnam,Crocs,Supersports,https://sg-test-11.slatic.net/p/0f186d5d3bacbeb1fcd918b5c95f7e00.jpg,"[62188201, 1785, 4176]",0.0,0.0,62188201,1785,4176,cham_soc_suc_khoe
3205222063,Jibbitz Charm Crocs I Heart 5 Pcs - 10008939,595000,4.9,,Vietnam,Crocs,Supersports,https://sg-test-11.slatic.net/p/dbc8bb429738d07f48937124ffb1cde1.jpg,"[62188201, 1785, 4176]",0.0,0.0,62188201,1785,4176,cham_soc_suc_khoe
3205201594,Jibbitz Charm Crocs Super Mario 5 Pcs - 10007701,725000,4.9,,Vietnam,Crocs,Supersports,https://sg-test-11.slatic.net/p/7f220d84ddb27da8c7b6a72e3fa59a5d.jpg,"[62188201, 1785, 4176]",0.0,0.0,62188201,1785,4176,cham_soc_suc_khoe
2107751526,DIY jibbitz croc charm croc charms accessorie jibbitz set  Shoe Buckle Shoe Decoration,68600,4.9,137,China,OEM,sotta.vn,https://my-live-01.slatic.net/p/39ea1e3f517f9097e4bf8f7bd1f92d0c.jpg,"[62540402, 6259]",178.0,0.55,62540402,6259,0,cham_soc_suc_khoe
2401648629,Jibbitz crosss Hạt charms Giày botton jibbitz Cho cross chamr dép crocs,23006,5.0,2,China,No Brand,CROSSTM,https://vn-live-01.slatic.net/p/36dd367ce3dac2f0ef326ed7b44c46ec.jpg_webp,"[62540402, 6259]",0.0,0.45,62540402,6259,0,cham_soc_suc_khoe
2892625577,Ins Cute Hello Kitty Crocs Charm Jibbitz Clog Jibbitz Set Crocs Cute DIY Accessories KT Cat,108785,5.0,9,China,OEM,sotta.vn,https://sg-test-11.slatic.net/p/c3c04ff6f76739723023528124063ebd.jpg,"[62540402, 6259]",0.0,0.47,62540402,6259,0,cham_soc_suc_khoe
2362732650,【Y2K】cute Jibbitz for Croc Jibbitz Resin Jibbitz Set Crocs Clog Jibbitz Shoe Buckle Shoe Decoration,66486,4.9,1,China,OEM,sotta.vn,https://my-live-02.slatic.net/p/363a3691fa3fa8f816f19a7b030adf0c.jpg,"[62540402, 6259]",0.0,0.52,62540402,6259,0,cham_soc_suc_khoe
3178272835,"Gói que Chlorophyll Cami-Nature's Sunshine: Hương chanh. Thanh lọc hàng ngày của bạn - Giảm bloat, kiểm soát mùi, làm sạch da, tăng cường năng lượng, hỗ trợ tiêu hóa, chăm sóc sức khỏe dinh dưỡng",672641,4.9,,China,No Brand,cami95173951739517,https://vn-live-01.slatic.net/p/568ad315814d842da76bca4c613bfd75.jpg_webp,"[10100869, 4741, 6791, 6798]",0.0,0.1,10100869,4741,6791,cham_soc_suc_khoe
2866474847,"Set of 12 Mayto Ugly Fruit-Themed Charms and Stickers for Attaching to Crocs, Crocs, and Crocs Crocs Jb-160",59000,5.0,1,Vietnam,No Brand,Mayto,https://vn-live-01.slatic.net/p/2e384b458ee410ac50701e1043c01273.png,"[62540402, 6259]",0.0,0.26,62540402,6259,0,cham_soc_suc_khoe
1884560089,Fine Himalayan Pink Salt 200g,16800,5.0,9,Vietnam,suc khoe xanh,Suckhoexanh.vn,https://vn-live-01.slatic.net/p/fb78cac6fb2e2e0d6b1c4b43bdecb9a1.png,"[8799, 10003011, 10003057, 14484]",33.0,0.07,8799,10003011,10003057,cham_soc_suc_khoe
2101098722,DIY jibitz croc charm croc charms accessorie jibitz set Shoe Buckle Shoe Decoration,68000,4.9,3,China,OEM,sotta.vn,https://my-live-02.slatic.net/p/27407aafa5213476354421fdb3e65fe8.jpg,"[62540402, 6259]",0.0,0.33,62540402,6259,0,cham_soc_suc_khoe
13353452991,2 chai thuốc nhỏ Chlorophyll dạng lỏng (cung cấp cho 4 tháng) - Thực phẩm bổ sung chăm sóc sức khỏe - Khử mùi và giải độc tự nhiên - Hỗ trợ đường ruột - Chăm sóc sức khỏe gan - Vitamin bổ sung cho người tập thể dục - Quà tặng Ngày của Mẹ,642684,4.9,,China,No Brand,44bf8ca2,https://vn-live-01.slatic.net/p/1c1a9b7845f3edee42a8f66a50d82978.jpg_webp,"[10100869, 4741, 6791, 6805]",0.0,0.11,10100869,4741,6791,cham_soc_suc_khoe
13349026977,"(michaelgreene) Gói Chlorophyll Stick Nature's Sunshine: Táo giòn. Người hùng sức khỏe đường ruột - Giải độc, giảm đầy hơi, làm sạch da, hỗ trợ tiêu hóa, tăng cường năng lượng chăm sóc sức khỏe",775508,4.9,,China,No Brand,michaelgreene1965520,https://vn-live-01.slatic.net/p/28ca7d88d8742241116ac41a443ddeb4.jpg_webp,"[6524, 14237, 14258]",0.0,0.16,6524,14237,14258,cham_soc_suc_khoe
3230512167,"Set 10 Charm Sticker Gắn Dép Cross, Dép Sục....",35000,4.5,2,Vietnam,No Brand,Chic Charm - Charm Sticker Gắn Dép,https://sg-test-11.slatic.net/p/01dfed118a68894fb431c5e4f1a2ffac.jpg,"[62540402, 6259]",0.0,0.0,62540402,6259,0,cham_soc_suc_khoe
3230655146,"Set 10 Charm Sticker DẺO gắn Dép cross, dép sục, dép xốp, gắn túi xách theo chủ đề",20000,4.9,,Vietnam,No Brand,Chic Charm - Charm Sticker Gắn Dép,https://sg-test-11.slatic.net/p/690ffbe18d4731e96b963440a2884f25.jpg,"[62540402, 6259]",0.0,0.0,62540402,6259,0,cham_soc_suc_khoe
3214544887,Very Cute Crocs Shoe Stickers - Random Shoe Accessories - Simple and Cute Crocs Jibbitz Shoe Button Accessories for Sandals,39000,5.0,11,Vietnam,No Brand,Hay Hay Cross,https://sg-test-11.slatic.net/p/dbbbb5fc7a9dc5a1f0d6b656fa2a1318.jpg,"[62540402, 6259]",60.0,0.51,62540402,6259,0,cham_soc_suc_khoe
3230535151,"Set 6 Charm Sticker Kittyy Hề Gắn Dép Cross, Dép Xốp, Dép Sục",27000,4.9,,Vietnam,No Brand,Chic Charm - Charm Sticker Gắn Dép,https://sg-test-11.slatic.net/p/71942e2a601685368bc0733e47cd4e58.jpg,"[62540402, 6259]",0.0,0.0,62540402,6259,0,cham_soc_suc_khoe
3230585062,"Set 10 Charm Sticker Summer Vịt Vàng Dùng Gắn Dép Cross, Dép Sục, Dép Xốp",32000,4.9,,Vietnam,No Brand,Chic Charm - Charm Sticker Gắn Dép,https://sg-test-11.slatic.net/p/4e2f87d008836ded69c1261c3ad75b6b.jpg,"[62540402, 6259]",0.0,0.0,62540402,6259,0,cham_soc_suc_khoe
2640470395,"Quả bóng đá tiêu chuẩn - Loại 3 lớp - Banh da số 5 + Tặng kim bơm, túi lưới Bảo Hành Da 12 Tháng",65000,4.4,49,Vietnam,No Brand,Northside. Store,https://vn-live-01.slatic.net/p/1ec5feb100c7487e8a369a4f2c68721d.jpg,"[1355, 6592, 6864, 8348]",176.0,0.0,1355,6592,6864,cham_soc_suc_khoe
2532854622,Yonex Single Badminton Racket Comes with a Wrapped Handle (Pre-Strung 8kg),45000,4.7,34,Vietnam,No Brand,Shop 16- Đức Minh (0988635048),https://filebroker-cdn.lazada.vn/kf/S45ce30e640ca4982afc93f4041ca28deU.jpg,"[1355, 6592, 6591, 6682, 6718]",117.0,0.25,1355,6592,6591,cham_soc_suc_khoe
2587729347,"Bột khử mùi Trapha hỗ trợ khử mùi, làm thơm, ngăn ngừa mùi hôi nách, hôi chân khi đi giày (30g)",15870,4.5,6,Vietnam,Traphaco,Tổng Kho Dược DGS,https://vn-live-01.slatic.net/p/8b7558e4eb25eb892e5c964139763667.jpg,"[4405, 4956, 4976]",100.0,0.0,4405,4956,4976,cham_soc_suc_khoe
708242012,ALL MODEL (Real picture & Video) how to make it convenient 10/20/30/40 kg advanced multi-function barbell sleeve,279000,4.9,461,Vietnam,BG,"B&G VN TRADING CO.,LTD",https://vn-live-01.slatic.net/p/ab4c6cdbfe360e19948896e4f0135ed6.jpg,"[1355, 6590, 6620, 62550606, 11747, 11751]",1500.0,0.53,1355,6590,6620,cham_soc_suc_khoe
3102049358,1 kg Bicycle Axle Iron Balls - 7mm - 8mm Beautiful Type 1 kg Bicycle Mounting Sports Cycling High Quality,28000,4.3,15,Vietnam,No Brand,D-Fishing,https://filebroker-cdn.lazada.vn/kf/S7dbdbb710a564cd78043c2bfd17b16cbu.jpg,"[1355, 6593, 1596, 1599, 7065]",117.0,0.0,1355,6593,1596,cham_soc_suc_khoe
1717594533,"Tạ tập gym thân thiện với môi trường dành cho nam giới có thể điều chỉnh tự do trọng lượng, tạ tập tại nhà đa chức năng bộ tạ 10/20/30 / 40KG chống đè bẹp và chống mài mòn",219318,4.9,34,Vietnam,No Brand,Tops Market,https://vn-live-01.slatic.net/p/0571056b0645fb7ea9de1cb5c08e991a.jpg,"[1355, 6590, 6620, 62550606, 11747, 11750]",120.0,0.48,1355,6590,6620,cham_soc_suc_khoe
2188045817,"Máy massage cầm tay - Máy Massage Cầm Tay mini 4 đầu 6 Cấp Độ lưng matxa cổ vai gáy máy mát xa cầm tay hỗ trợ mát xa chuyên sâu Máy massage cầm tay chăm sóc cơ bắp, phục hồi sức khỏe, máy masage các nhóm cơ chính",135000,4.8,1144,Vietnam,OEM,HÀNG GIÁ SỈ V&D HCM,https://vn-live-01.slatic.net/p/b4916037b30839039883bea0df373486.png,"[4405, 4948, 14376]",5300.0,0.46,4405,4948,14376,cham_soc_suc_khoe
3077354039,Máy Câu Cá FS 2000-3000-4000-5000-6000-7000,95000,4.7,47,Vietnam,No Brand,Đồ câu Abu,https://filebroker-cdn.lazada.vn/kf/S26f5f8c8a2a24598803631052c43552dz.jpg,"[1355, 6593, 1585, 11874]",226.0,0.0,1355,6593,1585,cham_soc_suc_khoe
1518243830,"Bột Khử Mùi TRAPHA (Dược TRAPHACO) Giúp Khử Mùi Và Giảm Tiết Mồ Hôi, Tiện Dụng Cho Người Bị Hôi Chân, Hôi Nách",27000,4.9,57,Vietnam,Traphaco,Nhathuocgiatot,https://filebroker-cdn.lazada.vn/kf/Sda401329c6e9441f9293bc7cb4807ca1X.jpg,"[4405, 4956, 4976]",795.0,0.0,4405,4956,4976,cham_soc_suc_khoe
1983059514,"Bộ giác hơi không dùng lửa(12 phụ kiện) Chăm Sóc Sức Khỏe An Toàn - Tiện Dụng, Giúp Lưu Thông Máu",63900,5.0,2,Vietnam,No Brand,fourtech,https://vn-live-01.slatic.net/p/645ddec4f55c7a45a06dbc90cfdfe171.jpg,"[10100869, 7174, 7246]",12.0,0.07,10100869,7174,7246,cham_soc_suc_khoe
2909164248,Cây Dò Day Huyệt Sừng - Cây Gậy Như Ý - Thiết Bị Diện Chẩn - Spa Làm Đẹp - Chăm Sóc Sức Khỏe - Massage - Trị Liệu,59000,4.9,,Vietnam,No Brand,Quaduahau18,https://vn-live-01.slatic.net/p/e89dcf1272367846c6160bb0946e5582.jpg,"[10100869, 7174, 7246]",5.0,0.0,10100869,7174,7246,cham_soc_suc_khoe
2539720749,Bóng Golf Tổng Hợp 10 Bóng Mới 85-90%,70000,5.0,236,Vietnam,No Brand,C Golf 2hand,https://filebroker-cdn.lazada.vn/kf/S7b2b21e4bc0648fb992efc0bf5558a24F.jpg,"[1355, 6592, 11882, 11892]",1600.0,0.0,1355,6592,11882,cham_soc_suc_khoe
3230181899,"Set 10 Charm Sticker Côn Trùng 2 Dùng Gắn Dép Xốp, Dép Sục",39000,4.9,,Vietnam,No Brand,Chic Charm - Charm Sticker Gắn Dép,https://sg-test-11.slatic.net/p/6bb11293e0dd6efb07a1c6b165199503.jpg,"[62540402, 6259]",0.0,0.0,62540402,6259,0,cham_soc_suc_khoe
3230376349,"Set 10 Charm Sticker  Kem Dùng Gắn Dép Cross, Dép Xốp, Dép Sục",35000,4.9,,Vietnam,No Brand,Chic Charm - Charm Sticker Gắn Dép,https://sg-test-11.slatic.net/p/b449ca57a81e65cdbdf4854a55619c8a.jpg,"[62540402, 6259]",0.0,0.0,62540402,6259,0,cham_soc_suc_khoe
3230248747,"Set 6 Charm Sticker Gắn Dép Sục, Dép Xốp,..",35000,4.9,,Vietnam,No Brand,Chic Charm - Charm Sticker Gắn Dép,https://sg-test-11.slatic.net/p/032f45f5a138493c784c68d7814aea9e.jpg,"[62540402, 6259]",0.0,0.0,62540402,6259,0,cham_soc_suc_khoe
2214062374,"【24-Hour Delivery】 🎁 Multi-Purpose Staple Gun, 3-in-1 Handheld Staple Gun with Booster, Can Staple All 3 Types of Staples П U T, Comes with 600 Staples, Size 4-14 Mm, Staple Gun, Air Staple Gun, Plywood Staple Gun",89500,4.9,125,Vietnam,No Brand,3celectronicstore,https://vn-live-01.slatic.net/p/1356c3fd2397ca09ec14814ae452a925.jpg,"[12649, 12686, 62550805, 13008]",319.0,0.36,12649,12686,62550805,cham_soc_suc_khoe
3169418099,xả kho SIM phong thủy tuyệt đẹp giá rẻ khuyến mãi giảm giá đặc biệt trong tuần này Xả kho SIM phong thủy tuyệt đẹp giá tốt khuyến mãi giảm giá đặc biệt,398999,5.0,0,Vietnam,No Brand,ĐẠI CHÍN  ĐẠI LỘC PHÁT MÃI,https://filebroker-cdn.lazada.vn/kf/S92ac4d75265e4cbe87878d32f3a925e9S.jpg,"[42062201, 4522, 9683]",0.0,0.43,42062201,4522,9683,cham_soc_suc_khoe
3230611031,"Bộ 10 Charm Sticker Dẻo Shinn Dâu Dùng Gắn Dép Cross, Dép Sục, Dép Xốp",45000,4.9,,Vietnam,No Brand,Chic Charm - Charm Sticker Gắn Dép,https://sg-test-11.slatic.net/p/62d093552a24b9f67943a18cc15481da.jpg,"[62540402, 6259]",0.0,0.0,62540402,6259,0,cham_soc_suc_khoe
3230251801,"Set 9 Charm Sticker Gắn Dép Sục, Dép Cros",35000,4.9,,Vietnam,No Brand,Chic Charm - Charm Sticker Gắn Dép,https://sg-test-11.slatic.net/p/4aae9cf3807a48c7b3d1d013f60d15dd.jpg,"[62540402, 6259]",0.0,0.0,62540402,6259,0,cham_soc_suc_khoe
2909774710,22cm Ball for Students,180000,4.9,26,Vietnam,No Brand,Kids Sun,https://filebroker-cdn.lazada.vn/kf/S32ce5f3dbe7a4a0ba7ca0a14132fdab3s.jpg,"[12649, 12689, 13036]",113.0,0.0,12649,12689,13036,cham_soc_suc_khoe
3190917174,"Bóng tập yoga gai chống cháy nổ dày chất lượng cao (55, 65, 75, 85 cm) dùng để tập luyện và giảm căng thẳng",118000,4.8,11,Vietnam,No Brand,MIGE.HOME,https://sg-test-11.slatic.net/p/d2694cb2387c2b077252fb8bb9331449.jpg,"[1355, 6590, 6622, 6658]",43.0,0.3,1355,6590,6622,cham_soc_suc_khoe
3230247770,"SET 8 Charm Nhựa Dẻo Người Dơi Dùng Gắn Dép Cross, Dép Sục, Dép Xốp",28000,4.9,,Vietnam,No Brand,Chic Charm - Charm Sticker Gắn Dép,https://sg-test-11.slatic.net/p/df6be7bbb6835aa968e667edefcc5a69.jpg,"[62540402, 6259]",0.0,0.0,62540402,6259,0,cham_soc_suc_khoe
1366798325,"Dây kháng lực Power Band đa năng, hõ trợ các bài tập toàn thân chính hãng TOPBODY - T3 - DKHAL01",99000,5.0,415,Vietnam,Topbody,Topbody Sport,https://vn-live-01.slatic.net/p/f5ba3c5d06f71b29d177576308bbcf59.jpg,"[1355, 6590, 6622, 6659]",2300.0,0.34,1355,6590,6622,cham_soc_suc_khoe
3230340462,"CHARM STICKER HOA GẮN DÉP CROSS, DÉP SỤC",7000,4.9,,Vietnam,No Brand,Chic Charm - Charm Sticker Gắn Dép,https://sg-test-11.slatic.net/p/3836a7693ff6513ac90906c3ac03b142.jpg,"[62540402, 6259]",0.0,0.0,62540402,6259,0,cham_soc_suc_khoe
1814634832,Bột khử mùi hôi nách hôi chân,32000,4.9,,Vietnam,No Brand,Tiệm đồ Spa,https://filebroker-cdn.lazada.vn/kf/S0e00aa10f304453e9096eb5d95010227Z.jpg,"[4405, 4956, 4976]",0.0,0.0,4405,4956,4976,cham_soc_suc_khoe
669052609,Zuchi Family Foot and Shoe Deodorant Spray (Cinnamon Scent) 50ml,33000,4.9,35,Vietnam,Hoa Linh,Thomsoncare Pharmacy,https://vn-live-01.slatic.net/p/b6f362dfdbe9cd73fdef3889e1cbd6e6.png,"[4405, 4956, 4976]",274.0,0.4,4405,4956,4976,cham_soc_suc_khoe
3230553149,"Set 12 Charm Sticker Dùng Gắn Dép Cross, Dép Xốp, Dép Sục",39000,4.9,,Vietnam,No Brand,Chic Charm - Charm Sticker Gắn Dép,https://sg-test-11.slatic.net/p/bbef75406216d5d029a84163a47bef9a.jpg,"[62540402, 6259]",0.0,0.0,62540402,6259,0,cham_soc_suc_khoe
3230583206,"Set 10 Charm Sticker Mô Hình Đồ Ăn Gắn Dép Cross, Dép Sục, Dép Xốp đã gắn sẵn đế",39000,5.0,2,Vietnam,No Brand,Chic Charm - Charm Sticker Gắn Dép,https://sg-test-11.slatic.net/p/fae0b84145260e52379aade62d83ae41.jpg,"[62540402, 6259]",0.0,0.0,62540402,6259,0,cham_soc_suc_khoe
1232739064,Con Lăn Yoga Massage Foarm Roller - Con lăn massage xốp thể thao giãn cơ gai dẹt roam rollet cao cấp,124000,5.0,128,Vietnam,Topbody,Topbody Sport,https://sg-live-01.slatic.net/p/25280508e52b603359689ce39864aa29.jpg,"[1355, 62552203, 6614, 6626]",681.0,0.48,1355,62552203,6614,cham_soc_suc_khoe
2108106226,"Bột khử mùi Thalpha hộp 1 chai 30g - giảm tiết mồ hôi, hôi nách hôi chân không gây ố quần áo",19000,5.0,10,Vietnam,LP Pharma,NATUCO PHARMA,https://vn-live-01.slatic.net/p/811c05fbe88d81e6f296b3f470c0a2ca.jpg,"[4405, 4956, 4976]",59.0,0.37,4405,4956,4976,cham_soc_suc_khoe
3214629316,"Jibbits Charm Sticker Set with Built-In Buttons to Attach to Slippers, Adorable Sticker Set, Extremely Cute Cross Slipper Accessories",25000,5.0,2,Vietnam,No Brand,Hay Hay Cross,https://sg-test-11.slatic.net/p/36c3e9b8751d89af0522e7f403a6e813.jpg,"[62540402, 6259]",14.0,0.35,62540402,6259,0,cham_soc_suc_khoe
2671944785,"Sticker Set to Decorate Shoes and Accessories to Attach to Cross Chram Sandals, Cute Cartoon Hottrend",46000,5.0,27,Vietnam,No Brand,Kho Sỉ Giày Dép Anh Quân,https://vn-live-01.slatic.net/p/09798fd9be0b50074e4a69cb2eef5324.png,"[62540402, 6259]",88.0,0.39,62540402,6259,0,cham_soc_suc_khoe
3230462274,"Set of 10 Brown Bear Charm Stickers for Attaching to Crocs, Flip-Flops, Foam Slippers with Pre-Attached Soles to Attach to the Sandals",32000,4.9,,Vietnam,No Brand,Chic Charm - Charm Sticker Gắn Dép,https://sg-test-11.slatic.net/p/f5c61299a31e0457d3aa7e463c25c46e.jpg,"[62540402, 6259]",0.0,0.0,62540402,6259,0,cham_soc_suc_khoe
282162389,BỘ HOA GẮN DÉP CROSS - SẴN NÚT GẮN DÉP CROSS lấy ngẫu nhiên đủ loại khác nhau gắn dép CROSS - DÉP CÁ SẤU,45000,4.7,142,Vietnam,No Brand,TRUSTVNXK,https://vn-live-01.slatic.net/p/7a0d4b19ba0f5158df7d59bf53bf3ba0.jpg,"[62540402, 6259]",738.0,0.44,62540402,6259,0,cham_soc_suc_khoe
3230546137,"Lẻ 1 Charm Sticker Gắn Dép Cross, Dép Sục",19000,4.9,,Vietnam,No Brand,Chic Charm - Charm Sticker Gắn Dép,https://sg-test-11.slatic.net/p/f731c9de71174beda45cfd2753f50256.jpg,"[62540402, 6259]",0.0,0.0,62540402,6259,0,cham_soc_suc_khoe
3230163903,"CHARM STICKER HOA MẶT CƯỜI GẮN DÉP CROSS, DÉP SỤC",9000,4.9,,Vietnam,No Brand,Chic Charm - Charm Sticker Gắn Dép,https://sg-test-11.slatic.net/p/1e714f11856ce0986f55f491e3e66471.jpg,"[62540402, 6259]",0.0,0.0,62540402,6259,0,cham_soc_suc_khoe
3230364427,"Set 10 Nút Charm Sticker Gắn Dép Cross, Dép Sục",36000,4.9,,Vietnam,No Brand,Chic Charm - Charm Sticker Gắn Dép,https://sg-test-11.slatic.net/p/4d2463fe452fc08f547acb3e1272a598.jpg,"[62540402, 6259]",0.0,0.0,62540402,6259,0,cham_soc_suc_khoe
3230362461,"Set of 6 Rabbit Hat Charm Stickers for Cross Sandals, Flip Flops, Foam Slippers",38000,4.9,0,Vietnam,No Brand,Chic Charm - Charm Sticker Gắn Dép,https://sg-test-11.slatic.net/p/77541f140ef91db0034504c2b9a24371.jpg,"[62540402, 6259]",0.0,0.0,62540402,6259,0,cham_soc_suc_khoe
3230419281,"Set 6 Cái Charm Sticker Tungtung Saho Dùng Gắn Dép Cross, Dép Sục, Dép Xốp",25000,4.9,,Vietnam,No Brand,Chic Charm - Charm Sticker Gắn Dép,https://sg-test-11.slatic.net/p/1f5880a259cec33c148abd144328a296.jpg,"[62540402, 6259]",0.0,0.0,62540402,6259,0,cham_soc_suc_khoe
1567382615,Thanh tập xà đơn treo tường gắn cửa nhiều cỡ có thể tùy chỉnh phù hợp tập gym tại nhà tăng cơ bắp,45000,4.9,853,Vietnam,No Brand,Kho Buôn Nội Thất Phụ Kiện,https://vn-live-01.slatic.net/p/07bd04ac635cc5cfee0227b86915b40c.jpg,"[1355, 6590, 6620, 62552403, 11744]",3800.0,0.5,1355,6590,6620,cham_soc_suc_khoe
3283275313,SHENWO | Imitation Rabbit Fur Weighted Hula Hoop For Waist Slimming 5kg,192000,4.9,119,China,SHENWO,shenwo,https://filebroker-cdn.lazada.vn/kf/S9c556679bd0d4b2997ca1764726558117.jpg,"[1355, 62552203, 6615, 6642]",54.0,0.64,1355,62552203,6615,cham_soc_suc_khoe
3230563123,"Set 14 Charm Sticker Gắn Dép Sục, Dép Cross",49000,4.9,,Vietnam,No Brand,Chic Charm - Charm Sticker Gắn Dép,https://sg-test-11.slatic.net/p/a0b0ea68c7d6432bb138abbc4245fa11.jpg,"[62540402, 6259]",0.0,0.0,62540402,6259,0,cham_soc_suc_khoe
2641325109,"COMBO 2 BỊCH 200 Túi Thảo Dược Ngâm Chân , Dược Liệu Chăm Sóc Chân Chăm Sóc Sức Khoẻ Túi Lọc Dạng Bột Thảo Dược",131750,4.9,,Vietnam,No Brand,Shop gia dụng khuyến mãi,https://vn-live-01.slatic.net/p/481b72309503cd0944da5d57756e2a39.jpg,"[4405, 4948, 14376]",0.0,0.15,4405,4948,14376,cham_soc_suc_khoe
2565952805,Combo 6 PCs shoe deodorant air freshener shower sheet natural green tea towel-Hause,60000,4.9,15,Vietnam,No Brand,Hauser,https://vn-live-01.slatic.net/p/ad201b3f6967eed41896115b6d9325fd.jpg,"[4405, 4956, 4976]",45.0,0.0,4405,4956,4976,cham_soc_suc_khoe
3230518336,"Set 14 Cái Charm Sticker Bu bản vẽ Dùng Gắn Dép Cross, Dép xốp, Dép Sục đã gắn sẵn nút cài vào dép",45000,4.9,,Vietnam,No Brand,Chic Charm - Charm Sticker Gắn Dép,https://sg-test-11.slatic.net/p/f2522b8a2486854fe1a3d3f1376da48d.jpg,"[62540402, 6259]",0.0,0.0,62540402,6259,0,cham_soc_suc_khoe
3230478378,"Bộ 10 Charm Sticker Có Sẵn Đế Cài Vào Dép Cross, Dép Xốp, Dép Sục",45000,4.9,,Vietnam,No Brand,Chic Charm - Charm Sticker Gắn Dép,https://sg-test-11.slatic.net/p/007103c1442f9f60bcef4c727d774e0f.jpg,"[62540402, 6259]",0.0,0.0,62540402,6259,0,cham_soc_suc_khoe
3230353471,"Bộ 11 Charm Sticker Gắn Dép Cross, Dép Xốp, Dép Sục Kittyy mắt kính",42000,4.9,,Vietnam,No Brand,Chic Charm - Charm Sticker Gắn Dép,https://sg-test-11.slatic.net/p/ed8e13d0a93e0428e6f7d9e553ff45a2.jpg,"[62540402, 6259]",0.0,0.0,62540402,6259,0,cham_soc_suc_khoe
3230678120,"Bộ 6 Cái Charm Sticker Thỏ Kem Dùng Gắn Dép Cross, Dép Sục, Dép xốp",38000,4.9,,Hồ Chí Minh,No Brand,Chic Charm - Charm Sticker Gắn Dép,https://sg-test-11.slatic.net/p/1c021c98a0109787a9ff55e2903dc113.jpg,"[62540402, 6259]",0.0,0.0,62540402,6259,0,cham_soc_suc_khoe
2911046600,"(Combo of 12 Balls) Used Titleist Prov1 Golf Balls, Genuine Used Golf Balls (85% New)",209000,4.9,37,Vietnam,Titleist,win golf shop,https://filebroker-cdn.lazada.vn/kf/S9dba1bbddf6b487cb20f26b63433171dW.jpg,"[1355, 6592, 11882, 11892]",196.0,0.0,1355,6592,11882,cham_soc_suc_khoe
3230611030,"Set 10 Charm Sticker Hoa kem cầu vòng Gắn Dép Cross, Dép Sục, Dép Xốp",38000,4.9,,Vietnam,No Brand,Chic Charm - Charm Sticker Gắn Dép,https://sg-test-11.slatic.net/p/a2f06dfdae8b47ed65c92e914854ff2c.jpg,"[62540402, 6259]",0.0,0.0,62540402,6259,0,cham_soc_suc_khoe
3230659119,"Bộ 10 Cái Charm Sticker Kittyy Da trời Dùng Gắn Dép Cross, Dép Sục, Dép Xốp",39000,4.9,,Hồ Chí Minh,No Brand,Chic Charm - Charm Sticker Gắn Dép,https://sg-test-11.slatic.net/p/09dc65464f63efa2304dcf239950c6a4.jpg,"[62540402, 6259]",0.0,0.0,62540402,6259,0,cham_soc_suc_khoe
3230596199,"SET 12 CHARM STICKER CAPY THỨC ĂN GẮN DÉP CROSS, DÉP SỤC, DÉP XỐP đã gắn sẵn đế",39000,4.9,,Hồ Chí Minh,No Brand,Chic Charm - Charm Sticker Gắn Dép,https://sg-test-11.slatic.net/p/f714380a00a06dbc5169621cb935c57f.jpg,"[62540402, 6259]",0.0,0.0,62540402,6259,0,cham_soc_suc_khoe
3230138955,"Set of 10 Ice Cream Charm Stickers for Attaching to Crocs, Foam Slippers, and Sandals",39000,4.9,,Vietnam,No Brand,Chic Charm - Charm Sticker Gắn Dép,https://sg-test-11.slatic.net/p/019a848e3d0c2d2aca5bc5b53cc98dc8.jpg,"[62540402, 6259]",0.0,0.0,62540402,6259,0,cham_soc_suc_khoe
3230261821,"Set 12 Charm Sticker Cappyy Biển Gắn Dép Cross, Dép Sục đã gắn sẵn đế",39000,4.9,,Hồ Chí Minh,No Brand,Chic Charm - Charm Sticker Gắn Dép,https://sg-test-11.slatic.net/p/907fb48833b56343b02e00970ad7f564.jpg,"[62540402, 6259]",0.0,0.0,62540402,6259,0,cham_soc_suc_khoe
3230324507,"SET 6 CHARM STICKER GẮN DÉP CROSS, DÉP SỤC, DÉP XỐP",24000,4.9,,Vietnam,No Brand,Chic Charm - Charm Sticker Gắn Dép,https://sg-test-11.slatic.net/p/182be404bc013912acf918a3bda5e853.jpg,"[62540402, 6259]",0.0,0.0,62540402,6259,0,cham_soc_suc_khoe
2504733179,"Jxm-Ngo2 Belly Warming Massage Machine, Relieves Menstrual Pain for Women in Their Period, Hot Compress, Supports Health Care, Genuine Gift for Women",433000,4.9,25,Vietnam,No Brand,CICA digital,https://vn-live-01.slatic.net/p/0d6996df3e64ddb1d9c133d8094a88d2.png,"[4400, 10100326, 62551603, 4967]",97.0,0.44,4400,10100326,62551603,cham_soc_suc_khoe
3230153952,"Set 10 Charm Sticker Capyy Hoa Dùng Gắn Dép Cross, Dép Sục, Dép xốp",38000,4.9,,Vietnam,No Brand,Chic Charm - Charm Sticker Gắn Dép,https://sg-test-11.slatic.net/p/c485d8fbf23bcc2587d538a1a5109e8c.jpg,"[62540402, 6259]",0.0,0.0,62540402,6259,0,cham_soc_suc_khoe
3230380507,"Bộ 8 Charm Sticker Sao biển Kittyy Dùng Để Gắn Dép Cross, Dép Sục, Dép Xốp",45000,5.0,1,Hồ Chí Minh,No Brand,Chic Charm - Charm Sticker Gắn Dép,https://sg-test-11.slatic.net/p/44f8a8f531025d488f5391ad94e4535c.jpg,"[62540402, 6259]",0.0,0.0,62540402,6259,0,cham_soc_suc_khoe
3230497340,"Bộ 6 Charm Sticker Hoa Vàng Dùng Gắn Dép Cross, Dép Xốp, Dép Sục",49000,4.9,,Hồ Chí Minh,No Brand,Chic Charm - Charm Sticker Gắn Dép,https://sg-test-11.slatic.net/p/7d57062703f59abc213fe4aedb69675f.jpg,"[62540402, 6259]",0.0,0.0,62540402,6259,0,cham_soc_suc_khoe
3230749020,"Bộ 8 Charm Stikcer cá mèo gắn Dép Cross, Dép sục, Dép Xốp đã gắn sẵn đế",39000,4.9,,Hồ Chí Minh,No Brand,Chic Charm - Charm Sticker Gắn Dép,https://sg-test-11.slatic.net/p/dd911aeaaf8b71824ffc43c5b6c95046.jpg,"[62540402, 6259]",0.0,0.0,62540402,6259,0,cham_soc_suc_khoe
3230385452,"Set 5 Nút Charm Sticker Gắn Dép Cross, Dép Sục",25000,4.9,,Vietnam,No Brand,Chic Charm - Charm Sticker Gắn Dép,https://sg-test-11.slatic.net/p/c1b97a6fa1488262c0558b485909f410.jpg,"[62540402, 6259]",0.0,0.0,62540402,6259,0,cham_soc_suc_khoe
3230535156,Set 6 Charm Sticker Dẻo Gắn Dép Sục,35000,4.9,,Vietnam,No Brand,Chic Charm - Charm Sticker Gắn Dép,https://sg-test-11.slatic.net/p/cd64369a785a5d69c98afbcb87d76737.jpg,"[62540402, 6259]",0.0,0.0,62540402,6259,0,cham_soc_suc_khoe
3230597229,"SET 6 CHARM STICKER CÔN TRÙNG DÙNG GẮN DÉP CROSS, DÉP SỤC, DÉP XỐP đã có sẵn đế gắn vào dép",29000,4.9,,Vietnam,No Brand,Chic Charm - Charm Sticker Gắn Dép,https://sg-test-11.slatic.net/p/9835dbd49179ca9732ee25e491dcf828.jpg,"[62540402, 6259]",0.0,0.0,62540402,6259,0,cham_soc_suc_khoe
3323805364,"Combo of 100 Charm Slippers, Cute Stickers to Decorate Phone Cases, Water Bottles, Handmade...",150000,4.9,,Vietnam,No Brand,Săn Hàng Hot Trend,https://vn-live-01.slatic.net/p/bba41d8c23e73a7f6c862cc550d4512e.jpg,"[62540402, 6259]",0.0,0.0,62540402,6259,0,cham_soc_suc_khoe
3230619171,"Bộ  7 Charm Sticker Thỏ Ngôi sao xanh Dùng Gắn Dép Cross, Dép Sục, Dép Xốp",35000,4.9,,Hồ Chí Minh,No Brand,Chic Charm - Charm Sticker Gắn Dép,https://sg-test-11.slatic.net/p/4a8d52ff620ccef7f708d4933ffa8fca.jpg,"[62540402, 6259]",0.0,0.0,62540402,6259,0,cham_soc_suc_khoe
3230583204,"Bộ 6 Charm Sticker Kittyy Đứng Dùng Gắn Dép Cross, Dép Xốp, Dép Sục",36000,4.9,,Hồ Chí Minh,No Brand,Chic Charm - Charm Sticker Gắn Dép,https://sg-test-11.slatic.net/p/3b207bae8c9bba6c25a2f8218e87dc95.jpg,"[62540402, 6259]",0.0,0.0,62540402,6259,0,cham_soc_suc_khoe
3230541236,"Set 10 Charm Sticker Dùng Gắn Dép Cross, Dép Xốp, Dép Sục Sao Banh Dù Kem",36000,4.9,,Hồ Chí Minh,No Brand,Chic Charm - Charm Sticker Gắn Dép,https://sg-test-11.slatic.net/p/5e9149e841b979b9926d4ebc8370edf8.jpg,"[62540402, 6259]",0.0,0.0,62540402,6259,0,cham_soc_suc_khoe
1442993752,Cây lăn Massage toàn thân 3 bánh bi gai bằng gỗ Bách Xanh - chăm sóc sức khỏe ❤️FREESHIP❤️ [MH892] HAHANCO,129000,4.9,,Vietnam,No Brand,Lược Sừng Thụy Ứng Store,https://vn-live-01.slatic.net/p/18106ddd476c73fc017fa12f3f56baee.jpg,"[4400, 10100326, 62551603, 4967]",0.0,0.0,4400,10100326,62551603,cham_soc_suc_khoe
3230550298,"Bộ 10 Charm Sticker Nơ Sao Xanh Dùng Gắn Dép Cross, Dép Sục, Dép Xốp",48000,4.9,,Vietnam,No Brand,Chic Charm - Charm Sticker Gắn Dép,https://sg-test-11.slatic.net/p/55f6e2de445903914fed3c2204dd9f11.jpg,"[62540402, 6259]",0.0,0.0,62540402,6259,0,cham_soc_suc_khoe
3230573206,"Set 5 Charm Sticker Baby Má Phính Gắn Dép Cross, dép Sục, Dép Xốp đã gắn sẵn đế cài vào dép",23000,4.9,,Hồ Chí Minh,No Brand,Chic Charm - Charm Sticker Gắn Dép,https://sg-test-11.slatic.net/p/b3c0a017ff34aef37ca72c3bb4767120.jpg,"[62540402, 6259]",0.0,0.0,62540402,6259,0,cham_soc_suc_khoe
2165816811,Set Charm Đính Đá Trang Trí Dép Cross Siêu Sang,49000,4.8,22,Vietnam,No Brand,rabbitcross19,https://vn-live-01.slatic.net/p/1bb0a3d98c072c0f7b3d559c28282a46.jpg,"[62540402, 6259]",93.0,0.39,62540402,6259,0,cham_soc_suc_khoe
2788939968,Bộ phụ kiện dép crocs 12 hình jibbitz crocs jb crocs Bộ phụ kiện dép cross,39000,5.0,3,Vietnam,No Brand,Kho Sỉ Giày Dép Anh Quân,https://vn-live-01.slatic.net/p/3e9506f179a2bb14e79e9e217a896c37.png,"[62540402, 6259]",14.0,0.29,62540402,6259,0,cham_soc_suc_khoe
2065516725,Bộ Sticker Charn Nổi Tom Và jerry Gắn Dép Crocs,45000,4.7,7,Vietnam,No Brand,SHOP MIHO SHOES,https://vn-live-01.slatic.net/p/3dbf272be1aa404cf1d7ea316b09722f.jpg,"[62188201, 1785, 4176]",44.0,0.24,62188201,1785,4176,cham_soc_suc_khoe
3230170897,"Bộ Charm Sticker Kurumiii Gắn Dép Cross, Dép Sục, Dép Xốp... đã gắn đế- Chic Charm",42000,5.0,1,Vietnam,No Brand,Chic Charm - Charm Sticker Gắn Dép,https://sg-test-11.slatic.net/p/ade8195f810001055f511aaf4eaadbb5.jpg,"[62540402, 6259]",0.0,0.0,62540402,6259,0,cham_soc_suc_khoe
3250443443,"[10 CÁI] Set charm gắn dép hình ngộ nghĩnh dễ thương, loại charm 4D nổi siêu đẹp",35000,4.9,,Vietnam,No Brand,Xưởng sản xuất giày dép MK,https://sg-test-11.slatic.net/p/fc19ee4d9273658ede309a1bc1c5854e.jpg,"[62540402, 6259]",0.0,0.0,62540402,6259,0,cham_soc_suc_khoe
3230608204,"Bộ 10 Charm Sticker Kittyy Táo Dùng Gắn Dép Cross, Dép Sục, Dép Xốp đã gẵn nút cài vào dép",42000,5.0,1,Hồ Chí Minh,No Brand,Chic Charm - Charm Sticker Gắn Dép,https://sg-test-11.slatic.net/p/2438052ee21b779073340104869aac17.jpg,"[62540402, 6259]",0.0,0.0,62540402,6259,0,cham_soc_suc_khoe
579526758,[Siêu Dài 45cm] Con Lăn Yoga Massage Foam Roller Loại Dài 45cm – Chọn Màu - Ống Trụ Lăn Xốp Tập Thể Thao Giãn Cơ Có Gai Roam Rollet Cao Cấp Chính Hãng Amalife,169000,5.0,223,Vietnam,Amalife,Amalife Việt Nam,https://vn-live-01.slatic.net/p/3d4f34087169c2c69442d9e9e1b47789.jpg,"[1355, 62552203, 6614, 6626]",683.0,0.0,1355,62552203,6614,cham_soc_suc_khoe
3230257833,Set 2 Ngọc Loại To dùng gắn dép có sẵn đế,15000,4.9,,Hồ Chí Minh,No Brand,Chic Charm - Charm Sticker Gắn Dép,https://sg-test-11.slatic.net/p/2a0f9082923ea4951aaa8ebd4e191ba7.jpg,"[62540402, 6259]",0.0,0.0,62540402,6259,0,cham_soc_suc_khoe
3230629023,"Set 6 Nút Charm Sticker Gắn Dép Cross, Dép Sục, Dép Xốp Chic Charm",24000,4.9,,Vietnam,No Brand,Chic Charm - Charm Sticker Gắn Dép,https://sg-test-11.slatic.net/p/463777a652cdcf6a528f27add29765a0.jpg,"[62540402, 6259]",0.0,0.0,62540402,6259,0,cham_soc_suc_khoe
3230522297,"Set 12 Charm Sticker Capybaraa Ngủ Gắn Dép Cross, Dép Sục, Dép Xốp đã gắn sẵn đế",39000,4.9,,Vietnam,No Brand,Chic Charm - Charm Sticker Gắn Dép,https://sg-test-11.slatic.net/p/d4ee2547737497dbd03edd0bd2007494.jpg,"[62540402, 6259]",0.0,0.0,62540402,6259,0,cham_soc_suc_khoe
3169062650,Elite Basketball Socks with Towelling Sole for Superior Grip and Comfort,30000,5.0,15,China,STAR FRUIT,STAR FRUIT MALL,https://sg-test-11.slatic.net/p/e4d5c30be4206a4e07db971b3eaf58f3.png,"[62540204, 7992]",64.0,0.5,62540204,7992,0,cham_soc_suc_khoe
3230739041,"Bộ 6 Charm SticKer Ngôi sao nơ Hồng Dùng Gắn Dép Cross, Dép Xốp, Dép Sục",48000,4.9,,Hồ Chí Minh,No Brand,Chic Charm - Charm Sticker Gắn Dép,https://sg-test-11.slatic.net/p/5bbfcad1b1a6fd06a55a7dfebadaf769.jpg,"[62540402, 6259]",0.0,0.0,62540402,6259,0,cham_soc_suc_khoe
3230539292,"Bộ 8 Charm Sticker Dog Peach Dùng Gắn Dép Cross, Dép Sục, Dép Xốp đã gắn sẵn đế caid vào dép",39000,4.9,,Hồ Chí Minh,No Brand,Chic Charm - Charm Sticker Gắn Dép,https://sg-test-11.slatic.net/p/9f5b8ea9c413505809b1cf36c3c677b9.jpg,"[62540402, 6259]",0.0,0.0,62540402,6259,0,cham_soc_suc_khoe
3195039015,JIFANPAUL | Abdominal Exercise Hula Hoop for Weight Loss and Waist Reduction,209000,4.9,32,China,JIFANPAUL,JIFANPAUL Global,https://filebroker-cdn.lazada.vn/kf/S7a69356321f34cafbe0aba75e5681d2aT.jpg,"[1355, 6590, 6622, 11745]",101.0,0.0,1355,6590,6622,cham_soc_suc_khoe
3230676132,"Set 14 Charm Sticker Người Sao Dùng Gắn Dép Cross, Dép Sục, Dép xốp",45000,4.9,,Hồ Chí Minh,No Brand,Chic Charm - Charm Sticker Gắn Dép,https://sg-test-11.slatic.net/p/1fb8ff6c19a258003fcc4ae176b9656c.jpg,"[62540402, 6259]",0.0,0.0,62540402,6259,0,cham_soc_suc_khoe
2912229425,Genuine Tien Hanh Shienh,559000,5.0,22,Vietnam,No Brand,Kẹo Hammer Mỹ Chính Hãng,https://filebroker-cdn.lazada.vn/kf/S5e20bdeea6184f4eaa238191acb4d555t.jpg,"[10100869, 4741, 6791, 6812]",39.0,0.0,10100869,4741,6791,cham_soc_suc_khoe
363982594,Xịt khử mùi giày Zuchi Family,38000,5.0,5,Vietnam,No Brand,Nhathuoc832,https://vn-live-01.slatic.net/p/2a8d241d60b6898c33d8ceab228f0aab.jpg,"[4405, 4956, 4976]",44.0,0.0,4405,4956,4976,cham_soc_suc_khoe
3230531289,"Set 10 Charm Sticker Gắn Dép Cross, Dép Sục, Dép xốp... đã sẵn đế gắn vào dép",35000,4.9,,Hồ Chí Minh,No Brand,Chic Charm - Charm Sticker Gắn Dép,https://sg-test-11.slatic.net/p/6c50014556af7d84eab8f8c3087973d0.jpg,"[62540402, 6259]",0.0,0.0,62540402,6259,0,cham_soc_suc_khoe
3230697085,"Set 10 Charm Sticker Chủ Đề Biển Dùng Gắn Dép Cross, Dép Sục, Dép Xốp đã gắn sẵn đế cài vào dép",35000,4.9,,Hồ Chí Minh,No Brand,Chic Charm - Charm Sticker Gắn Dép,https://sg-test-11.slatic.net/p/de94242a3ecd7d0f5e5c4911a87e59f7.jpg,"[62540402, 6259]",0.0,0.0,62540402,6259,0,cham_soc_suc_khoe
286276562,"Bộ 5 Hộp Miếng dán chân giải độc Kinoki chăm sóc sức khỏe bàn chân, tiện lợi, nhanh chóng (50 miếng/5 hộp)",69900,4.6,5,Vietnam,No Brand,fourtech,https://vn-live-01.slatic.net/p/60ba51a0b4a819a4b9e93c111c76a902.jpg,"[10100869, 4741, 6791, 6812]",22.0,0.21,10100869,4741,6791,cham_soc_suc_khoe
3175877858,✔️️️Túi Hậu Món Nhân Tạo Softomy phi 60 hộp 100c - Dụng Cụ Chăm Sóc Sức Khỏe Tanaphar,125000,4.9,,Vietnam,Tanaphar,Healthy Mart VietNam,https://vn-live-01.slatic.net/p/623db88bd08ab1252ea3150b2a0c8115.jpg,"[10100869, 7174, 7246]",0.0,0.38,10100869,7174,7246,cham_soc_suc_khoe
3230588210,"Bộ 10 Charm Sticker Dùng Gắn Dép Cross, Dép Sục, Dép Xốp",40000,4.9,,Hồ Chí Minh,No Brand,Chic Charm - Charm Sticker Gắn Dép,https://sg-test-11.slatic.net/p/8f102b3e804895a1cbd2589680fe0278.jpg,"[62540402, 6259]",0.0,0.0,62540402,6259,0,cham_soc_suc_khoe
3203459526,Snow Foam Spray Bottle for Cleaning Snoker Shoes 300ml Removes All Stains_Wholesale Price Bien Hoa,45000,4.9,,Vietnam,No Brand,GIÁ SỈ BIÊN HÒA,https://sg-test-11.slatic.net/p/a3fbfa26f036e6ee184cd8c7e6e5f470.jpg,"[62540402, 6259]",0.0,0.4,62540402,6259,0,cham_soc_suc_khoe
3230512301,"SET 6 CHARM STIKCER CÔ GÁI MAKE UP GẮN DÉP CROSS, DÉP SỤC đã gắn sẵn đế",23000,4.9,,Hồ Chí Minh,No Brand,Chic Charm - Charm Sticker Gắn Dép,https://sg-test-11.slatic.net/p/e67e3eab9cd21ff5d8f083401bb505e0.jpg,"[62540402, 6259]",0.0,0.0,62540402,6259,0,cham_soc_suc_khoe
3230304646,"Set 12 Charm Sticker Cô Gái Gắn Dùng Để Gắn Dép Cross, Dép sục, Dép Xốp",39000,4.9,,Vietnam,No Brand,Chic Charm - Charm Sticker Gắn Dép,https://sg-test-11.slatic.net/p/62ee2ccfdfa9b71609efa624815726a9.jpg,"[62540402, 6259]",0.0,0.0,62540402,6259,0,cham_soc_suc_khoe
2186478796,【🌟sotta】croc DIY jibbitz INS shoe accessorie Decoration Metal pearl jewelry,17000,4.9,143,China,OEM,sotta.vn,https://my-live-01.slatic.net/p/48368fa77bd0a6355631b2b559dd13f5.jpg,"[62540402, 6259]",480.0,0.55,62540402,6259,0,cham_soc_suc_khoe
3230480241,"Bộ 8 Charm Sticker Kurumi Dùng Gắn Dép Cross, Dép xốp, Dép Sục",45000,4.9,,Vietnam,No Brand,Chic Charm - Charm Sticker Gắn Dép,https://sg-test-11.slatic.net/p/1c56c2fcbe11fba92fef517d38d80c96.jpg,"[62540402, 6259]",0.0,0.0,62540402,6259,0,cham_soc_suc_khoe
3230666132,"Set 10 Charm Stiker Côn Trùng Mẫu Trong Dùng Gắn Dép Xốp, Dép Sục",39000,4.9,,Hồ Chí Minh,No Brand,Chic Charm - Charm Sticker Gắn Dép,https://sg-test-11.slatic.net/p/d7719b09dfa019465570829630f129ed.jpg,"[62540402, 6259]",0.0,0.0,62540402,6259,0,cham_soc_suc_khoe
3230459335,"Bộ 10 Charm Sticker Gắn sẵn đế cài vào Dép Cross, Dép Xốp, Dép Sục",45000,4.9,,Vietnam,No Brand,Chic Charm - Charm Sticker Gắn Dép,https://sg-test-11.slatic.net/p/0af5be84c62d977f655bc92e740da20f.jpg,"[62540402, 6259]",0.0,0.0,62540402,6259,0,cham_soc_suc_khoe
3230276634,"SET 12 CHARM STIKER CAPYY GẮN DÉP CROSS, DÉP SỤC",42000,4.9,,Vietnam,No Brand,Chic Charm - Charm Sticker Gắn Dép,https://sg-test-11.slatic.net/p/87eb29fd8e804e0888599980c616d594.jpg,"[62540402, 6259]",0.0,0.0,62540402,6259,0,cham_soc_suc_khoe
3230601061,"Set 10 Charm Sticker Gắn Dép Cross, Dép Sục",40000,4.9,,Vietnam,No Brand,Chic Charm - Charm Sticker Gắn Dép,https://sg-test-11.slatic.net/p/d53d703f70ab44716bfd5a528cd04a0f.jpg,"[62540402, 6259]",0.0,0.0,62540402,6259,0,cham_soc_suc_khoe
2737587739,"Mekotra pure natural nature tree cone oil 20ml genuine herbal medicine mom baby childhood adult memory stick bedroom 1 shower mosquito nets for kids to keep warm body shaping it is simple, chimpana tram health care-home care in Vietnam 247",49000,5.0,14,Vietnam,No Brand,Chăm Sóc Gia Đình Việt 247,https://vn-live-01.slatic.net/p/5e45a425371e0d15024686032492e817.jpg,"[4405, 4956, 4762, 4774, 10003333]",34.0,0.45,4405,4956,4762,cham_soc_suc_khoe
3230386376,"Set 12 Charm Gắn Dép Cross, Dép Xốp, Dép Sục.. Chic Charm",39000,4.9,,Vietnam,No Brand,Chic Charm - Charm Sticker Gắn Dép,https://sg-test-11.slatic.net/p/120a217c4c4d7a8161e0178505bdd586.jpg,"[62540402, 6259]",0.0,0.0,62540402,6259,0,cham_soc_suc_khoe
3230122975,"SET 8 HOA ĐÍNH NGỌC LOẠI DẺO GẮN DÉP CROSS, DÉP SỤC, DÉP XỐP...đã gắn sẵn đế xài vào dép",65000,4.9,,Vietnam,No Brand,Chic Charm - Charm Sticker Gắn Dép,https://sg-test-11.slatic.net/p/cd59d5f81f629ad27801efd8fc2d026c.jpg,"[62540402, 6259]",0.0,0.0,62540402,6259,0,cham_soc_suc_khoe
3230563259,"Set 10 Charm Sticker Sao Biển Hồng Dùng Gắn Dép Cross, Dép Sục, Dép xốp",45000,4.9,,Hồ Chí Minh,No Brand,Chic Charm - Charm Sticker Gắn Dép,https://sg-test-11.slatic.net/p/d96e11beca57c1ce42a3c6d81e2d547c.jpg,"[62540402, 6259]",0.0,0.0,62540402,6259,0,cham_soc_suc_khoe
3065445047,"Bộ giác hơi không dùng lửa KAW 24 Cốc, An Toàn – Chăm sóc sức khỏe tại nhà, hiệu quả như spa",246000,5.0,2,Vietnam,OEM,CLEVER HCM - SHOP,https://sg-test-11.slatic.net/p/9f3f37ec32e95cbb234487339edc99ab.jpg,"[10100869, 7174, 7242]",8.0,0.0,10100869,7174,7242,cham_soc_suc_khoe
3230577243,"SET 8 CHARM STICKER MARIO DÙNG GẮN DÉP CROSS, DÉP SỤC, DÉP XỐP đã gắn sẵn đế cài vào dép",29000,4.9,,Vietnam,No Brand,Chic Charm - Charm Sticker Gắn Dép,https://sg-test-11.slatic.net/p/11964bd17662d8ca49efa18470f784cd.jpg,"[62540402, 6259]",0.0,0.0,62540402,6259,0,cham_soc_suc_khoe
2583703382,"Chẩm chéo Tây Bắc chuẩn vị Lực Lệ (OCOP) loại ngon đặc biệt 250g. Muối chẩm chẳm chéo khô, ướt loại đặc biệt, hải sapa tv, huho food",35000,5.0,5,Vietnam,No Brand,hatsang.vn - Chuyên sỉ hạt sang trắng rừng Tây Bắc,https://vn-live-01.slatic.net/p/7a36401602c076772a0ea52238716d68.jpg,"[8799, 10003011, 10003057, 10003306]",10.0,0.22,8799,10003011,10003057,cham_soc_suc_khoe
3230374424,"SET 12 CHARM STICKER GẮN DÉP SỤC, DÉP CROSS",45000,4.9,,Vietnam,No Brand,Chic Charm - Charm Sticker Gắn Dép,https://sg-test-11.slatic.net/p/ef5af04bbcfd5d2f4c52422199238a1a.jpg,"[62540402, 6259]",0.0,0.0,62540402,6259,0,cham_soc_suc_khoe
2991868030,Dép Sục Cross nam nữ unisex 2 Sọc cao cấp nhựa eva đi siêu êm nhẹ thời trang SUK2VACH,69000,5.0,2,Vietnam,No Brand,Maxlove Store,https://sg-test-11.slatic.net/p/53631bb120afe405ecf2fd265b83f989.jpg,"[62540402, 6246, 6248]",11.0,0.14,62540402,6246,6248,cham_soc_suc_khoe
